INSERT INTO poll_templates (id, created_at, poll_name, poll_description, cover_image, creator) VALUES (39, '2022-04-11 19:40:09.312972 +00:00', 'How do you feel about Lost Ark', 'Four controversial questions about Lost ark', 'https://hmfmmtwuiizjwrkaaapo.supabase.co/storage/v1/object/public/pollimages/ad8a0b8e-8095-440e-b4fe-c17e73e6f06e', 'c4e2caf1-480a-4490-9e58-4a86219ab327');
INSERT INTO poll_templates (id, created_at, poll_name, poll_description, cover_image, creator) VALUES (40, '2022-04-11 20:29:55.777111 +00:00', 'WoW - The Dragon Isles', 'Some questions about the upcoming expansion of World of Warcraft', 'https://hmfmmtwuiizjwrkaaapo.supabase.co/storage/v1/object/public/pollimages/83656a70-4db7-4550-9da5-913d0fdadc9f', 'c4e2caf1-480a-4490-9e58-4a86219ab327');
INSERT INTO poll_templates (id, created_at, poll_name, poll_description, cover_image, creator) VALUES (41, '2022-04-11 20:36:20.739862 +00:00', 'Twitch vs Youtube Gaming', 'Which one of the streaming platforms is better?', 'https://hmfmmtwuiizjwrkaaapo.supabase.co/storage/v1/object/public/pollimages/790acd28-8e41-4933-9388-4109ccb66777', 'c4e2caf1-480a-4490-9e58-4a86219ab327');
INSERT INTO poll_templates (id, created_at, poll_name, poll_description, cover_image, creator) VALUES (42, '2022-04-13 19:01:04.793735 +00:00', 'Is Jar Jar a Sith Lord?', 'Controversial questions about Star wars', 'https://hmfmmtwuiizjwrkaaapo.supabase.co/storage/v1/object/public/pollimages/7623c833-59f4-4489-a23f-af5665885b4c', 'c4e2caf1-480a-4490-9e58-4a86219ab327');
INSERT INTO poll_templates (id, created_at, poll_name, poll_description, cover_image, creator) VALUES (43, '2022-04-13 19:09:17.130369 +00:00', 'Are MMO''s Lost?', 'Controversial Questions about MMO''s', 'https://hmfmmtwuiizjwrkaaapo.supabase.co/storage/v1/object/public/pollimages/457b3b8e-f9a2-4031-89fc-ba64c0813b28', 'c4e2caf1-480a-4490-9e58-4a86219ab327');
INSERT INTO poll_templates (id, created_at, poll_name, poll_description, cover_image, creator) VALUES (44, '2022-04-13 19:10:23.937453 +00:00', 'This website', 'This website', 'https://hmfmmtwuiizjwrkaaapo.supabase.co/storage/v1/object/public/pollimages/25878708-64f6-46ef-bfc4-4f6b8136f5d1', 'c4e2caf1-480a-4490-9e58-4a86219ab327');

INSERT INTO poll_instances (id, poll_template) VALUES ('OisVjiEbDTE', 39);
INSERT INTO poll_instances (id, poll_template) VALUES ('WlDfJ599pQY', 40);
INSERT INTO poll_instances (id, poll_template) VALUES ('GIaxzzUaYL4', 41);
INSERT INTO poll_instances (id, poll_template) VALUES ('_OLVU-VufD0', 39);
INSERT INTO poll_instances (id, poll_template) VALUES ('DiuWHAxsLZY', 42);
INSERT INTO poll_instances (id, poll_template) VALUES ('xdOlnajPTI8', 43);
INSERT INTO poll_instances (id, poll_template) VALUES ('mDiOlI33DnM', 44);
INSERT INTO poll_instances (id, poll_template) VALUES ('ThK21daFcRU', 42);
INSERT INTO poll_instances (id, poll_template) VALUES ('TqEDAnt08kc', 42);


INSERT INTO poll_questions (id, question, poll_template, multipoll) VALUES (46, 'Does the bot situation affect you?', 39, true);
INSERT INTO poll_questions (id, question, poll_template, multipoll) VALUES (47, 'Are you affected by the 1340-1370 dead zone', 39, false);
INSERT INTO poll_questions (id, question, poll_template, multipoll) VALUES (48, 'Should the devs add stagger bars for bosses?', 39, false);
INSERT INTO poll_questions (id, question, poll_template, multipoll) VALUES (49, 'What are you most afraid of?', 40, true);
INSERT INTO poll_questions (id, question, poll_template, multipoll) VALUES (50, 'What do you think the story will be about?', 40, false);
INSERT INTO poll_questions (id, question, poll_template, multipoll) VALUES (51, 'Will you play the new expansion?', 40, false);
INSERT INTO poll_questions (id, question, poll_template, multipoll) VALUES (52, 'What makes twitch special', 41, false);
INSERT INTO poll_questions (id, question, poll_template, multipoll) VALUES (53, 'What makes youtube gaming special', 41, false);
INSERT INTO poll_questions (id, question, poll_template, multipoll) VALUES (54, 'What the worst about youtube gaming', 41, false);
INSERT INTO poll_questions (id, question, poll_template, multipoll) VALUES (55, 'Whats the worst about twitch', 41, false);
INSERT INTO poll_questions (id, question, poll_template, multipoll) VALUES (56, 'Who Shot First?', 42, false);
INSERT INTO poll_questions (id, question, poll_template, multipoll) VALUES (57, 'Which Movie Is The Best?', 42, false);
INSERT INTO poll_questions (id, question, poll_template, multipoll) VALUES (58, 'Ewoks: Love Them Or Hate Them', 42, false);
INSERT INTO poll_questions (id, question, poll_template, multipoll) VALUES (59, 'Was the Disney acquisition good for the franchise?', 42, false);
INSERT INTO poll_questions (id, question, poll_template, multipoll) VALUES (60, 'Is Jar Jar Binks a Sith Lord?', 42, false);
INSERT INTO poll_questions (id, question, poll_template, multipoll) VALUES (61, 'Are MMO''s dead?', 43, false);
INSERT INTO poll_questions (id, question, poll_template, multipoll) VALUES (62, 'How do you like this website', 44, false);




INSERT INTO poll_options (id, option, poll_question) VALUES (141, 'They need to add phone verification!', 46);
INSERT INTO poll_options (id, option, poll_question) VALUES (142, 'I cant imagine what the new player experience is like now', 46);
INSERT INTO poll_options (id, option, poll_question) VALUES (143, 'They should make a shadow ban system for bots', 46);
INSERT INTO poll_options (id, option, poll_question) VALUES (144, 'It really doesnt affect me that much', 46);
INSERT INTO poll_options (id, option, poll_question) VALUES (145, 'Just made it to 1370 and spanked argos ass.', 47);
INSERT INTO poll_options (id, option, poll_question) VALUES (146, 'I’m one hone away from 1370 feels like it’s miles away.', 47);
INSERT INTO poll_options (id, option, poll_question) VALUES (147, 'It takes forever for f2p to get to past the dead zone', 47);
INSERT INTO poll_options (id, option, poll_question) VALUES (148, 'I skipped it with money', 47);
INSERT INTO poll_options (id, option, poll_question) VALUES (149, 'Let’s just all agree guardian raids aren’t well thought out', 48);
INSERT INTO poll_options (id, option, poll_question) VALUES (150, 'They''re meant that way, gotta study the boss to defeat it', 48);
INSERT INTO poll_options (id, option, poll_question) VALUES (151, 'I don''t really think it matters', 48);
INSERT INTO poll_options (id, option, poll_question) VALUES (152, 'Yes that would be great', 48);
INSERT INTO poll_options (id, option, poll_question) VALUES (153, ' Again borrowed power systems', 49);
INSERT INTO poll_options (id, option, poll_question) VALUES (154, 'It will be exactly the same, a bunch of convoluted systems', 49);
INSERT INTO poll_options (id, option, poll_question) VALUES (155, 'Please don''t be about Sylvanas', 49);
INSERT INTO poll_options (id, option, poll_question) VALUES (156, 'Lets just wait!', 49);
INSERT INTO poll_options (id, option, poll_question) VALUES (157, 'Deathwing is back.  But he''s good now.', 50);
INSERT INTO poll_options (id, option, poll_question) VALUES (158, 'the soul of Ysera goes to shadowlands', 50);
INSERT INTO poll_options (id, option, poll_question) VALUES (159, 'Comeback of Malygos', 50);
INSERT INTO poll_options (id, option, poll_question) VALUES (160, 'Sylvanas as a dragon', 50);
INSERT INTO poll_options (id, option, poll_question) VALUES (161, 'Sure I am addicted', 51);
INSERT INTO poll_options (id, option, poll_question) VALUES (162, 'I will wait until reviews are out', 51);
INSERT INTO poll_options (id, option, poll_question) VALUES (163, 'No way after the shadowlands debacle', 51);
INSERT INTO poll_options (id, option, poll_question) VALUES (164, 'The community', 52);
INSERT INTO poll_options (id, option, poll_question) VALUES (165, 'The emotes', 52);
INSERT INTO poll_options (id, option, poll_question) VALUES (166, 'The website is much more organized', 52);
INSERT INTO poll_options (id, option, poll_question) VALUES (167, 'It is a safe haven for banned twitch streamers', 53);
INSERT INTO poll_options (id, option, poll_question) VALUES (168, 'I am already familiar with youtube', 53);
INSERT INTO poll_options (id, option, poll_question) VALUES (169, 'Livestream option is basicly hidden to the normal user', 54);
INSERT INTO poll_options (id, option, poll_question) VALUES (170, 'It feels dead when watching something', 54);
INSERT INTO poll_options (id, option, poll_question) VALUES (171, 'The community', 55);
INSERT INTO poll_options (id, option, poll_question) VALUES (172, 'Not being able to find new streamers', 55);
INSERT INTO poll_options (id, option, poll_question) VALUES (173, 'Han ', 56);
INSERT INTO poll_options (id, option, poll_question) VALUES (174, 'Greedo', 56);
INSERT INTO poll_options (id, option, poll_question) VALUES (175, 'A New Hope - 1977', 57);
INSERT INTO poll_options (id, option, poll_question) VALUES (176, 'The Empire Strikes Back - 1980', 57);
INSERT INTO poll_options (id, option, poll_question) VALUES (177, 'Return of the Jedi - 1983', 57);
INSERT INTO poll_options (id, option, poll_question) VALUES (178, 'The Phantom Menace - 1999', 57);
INSERT INTO poll_options (id, option, poll_question) VALUES (179, 'Attack of the Clones - 2002', 57);
INSERT INTO poll_options (id, option, poll_question) VALUES (180, 'Revenge of the Sith - 2005', 57);
INSERT INTO poll_options (id, option, poll_question) VALUES (181, 'The Force Awakens - 2015', 57);
INSERT INTO poll_options (id, option, poll_question) VALUES (182, 'The Last Jedi - 2017', 57);
INSERT INTO poll_options (id, option, poll_question) VALUES (183, 'The Rise of Skywalker - 2019', 57);
INSERT INTO poll_options (id, option, poll_question) VALUES (184, 't they’re also cute, cuddly, and provide moment of wacky comic relief', 58);
INSERT INTO poll_options (id, option, poll_question) VALUES (185, 'obnoxious intrusion that makes Return of the Jedi feel more like a movie for kids than an epic intergalactic adventure for the ages', 58);
INSERT INTO poll_options (id, option, poll_question) VALUES (186, 'They were made for merch', 58);
INSERT INTO poll_options (id, option, poll_question) VALUES (187, 'They destroyed the universe', 59);
INSERT INTO poll_options (id, option, poll_question) VALUES (188, 'At least they deliver some more content', 59);
INSERT INTO poll_options (id, option, poll_question) VALUES (189, 'The series arent that bad', 59);
INSERT INTO poll_options (id, option, poll_question) VALUES (190, 'Disney was the best thing that could happen to SW', 59);
INSERT INTO poll_options (id, option, poll_question) VALUES (191, 'Yes he is very powerful', 60);
INSERT INTO poll_options (id, option, poll_question) VALUES (192, 'No he is just a baboon', 60);
INSERT INTO poll_options (id, option, poll_question) VALUES (193, 'They will come back', 61);
INSERT INTO poll_options (id, option, poll_question) VALUES (194, 'You better get used to mobile games', 61);
INSERT INTO poll_options (id, option, poll_question) VALUES (195, 'F2P destroyed MMO''s', 61);
INSERT INTO poll_options (id, option, poll_question) VALUES (196, 'You are not looking for an MMO but rather of being young again', 61);
INSERT INTO poll_options (id, option, poll_question) VALUES (197, 'Good', 62);
INSERT INTO poll_options (id, option, poll_question) VALUES (198, 'bad ', 62);



INSERT INTO poll_option_votes (id, poll_instance, poll_option, votes, top_profile_1, top_profile_2, top_profile_3) VALUES (397, 'OisVjiEbDTE', 141, 0, null, null, null);
INSERT INTO poll_option_votes (id, poll_instance, poll_option, votes, top_profile_1, top_profile_2, top_profile_3) VALUES (399, 'OisVjiEbDTE', 143, 0, null, null, null);
INSERT INTO poll_option_votes (id, poll_instance, poll_option, votes, top_profile_1, top_profile_2, top_profile_3) VALUES (400, 'OisVjiEbDTE', 144, 0, null, null, null);
INSERT INTO poll_option_votes (id, poll_instance, poll_option, votes, top_profile_1, top_profile_2, top_profile_3) VALUES (401, 'OisVjiEbDTE', 145, 0, null, null, null);
INSERT INTO poll_option_votes (id, poll_instance, poll_option, votes, top_profile_1, top_profile_2, top_profile_3) VALUES (402, 'OisVjiEbDTE', 146, 0, null, null, null);
INSERT INTO poll_option_votes (id, poll_instance, poll_option, votes, top_profile_1, top_profile_2, top_profile_3) VALUES (404, 'OisVjiEbDTE', 148, 0, null, null, null);
INSERT INTO poll_option_votes (id, poll_instance, poll_option, votes, top_profile_1, top_profile_2, top_profile_3) VALUES (405, 'OisVjiEbDTE', 149, 0, null, null, null);
INSERT INTO poll_option_votes (id, poll_instance, poll_option, votes, top_profile_1, top_profile_2, top_profile_3) VALUES (407, 'OisVjiEbDTE', 151, 0, null, null, null);
INSERT INTO poll_option_votes (id, poll_instance, poll_option, votes, top_profile_1, top_profile_2, top_profile_3) VALUES (408, 'OisVjiEbDTE', 152, 0, null, null, null);
INSERT INTO poll_option_votes (id, poll_instance, poll_option, votes, top_profile_1, top_profile_2, top_profile_3) VALUES (409, 'WlDfJ599pQY', 153, 0, null, null, null);
INSERT INTO poll_option_votes (id, poll_instance, poll_option, votes, top_profile_1, top_profile_2, top_profile_3) VALUES (410, 'WlDfJ599pQY', 154, 0, null, null, null);
INSERT INTO poll_option_votes (id, poll_instance, poll_option, votes, top_profile_1, top_profile_2, top_profile_3) VALUES (411, 'WlDfJ599pQY', 155, 0, null, null, null);
INSERT INTO poll_option_votes (id, poll_instance, poll_option, votes, top_profile_1, top_profile_2, top_profile_3) VALUES (412, 'WlDfJ599pQY', 156, 0, null, null, null);
INSERT INTO poll_option_votes (id, poll_instance, poll_option, votes, top_profile_1, top_profile_2, top_profile_3) VALUES (413, 'WlDfJ599pQY', 157, 0, null, null, null);
INSERT INTO poll_option_votes (id, poll_instance, poll_option, votes, top_profile_1, top_profile_2, top_profile_3) VALUES (414, 'WlDfJ599pQY', 158, 0, null, null, null);
INSERT INTO poll_option_votes (id, poll_instance, poll_option, votes, top_profile_1, top_profile_2, top_profile_3) VALUES (415, 'WlDfJ599pQY', 159, 0, null, null, null);
INSERT INTO poll_option_votes (id, poll_instance, poll_option, votes, top_profile_1, top_profile_2, top_profile_3) VALUES (416, 'WlDfJ599pQY', 160, 0, null, null, null);
INSERT INTO poll_option_votes (id, poll_instance, poll_option, votes, top_profile_1, top_profile_2, top_profile_3) VALUES (417, 'WlDfJ599pQY', 161, 0, null, null, null);
INSERT INTO poll_option_votes (id, poll_instance, poll_option, votes, top_profile_1, top_profile_2, top_profile_3) VALUES (418, 'WlDfJ599pQY', 162, 0, null, null, null);
INSERT INTO poll_option_votes (id, poll_instance, poll_option, votes, top_profile_1, top_profile_2, top_profile_3) VALUES (419, 'WlDfJ599pQY', 163, 0, null, null, null);
INSERT INTO poll_option_votes (id, poll_instance, poll_option, votes, top_profile_1, top_profile_2, top_profile_3) VALUES (420, 'GIaxzzUaYL4', 164, 0, null, null, null);
INSERT INTO poll_option_votes (id, poll_instance, poll_option, votes, top_profile_1, top_profile_2, top_profile_3) VALUES (421, 'GIaxzzUaYL4', 165, 0, null, null, null);
INSERT INTO poll_option_votes (id, poll_instance, poll_option, votes, top_profile_1, top_profile_2, top_profile_3) VALUES (422, 'GIaxzzUaYL4', 166, 0, null, null, null);
INSERT INTO poll_option_votes (id, poll_instance, poll_option, votes, top_profile_1, top_profile_2, top_profile_3) VALUES (423, 'GIaxzzUaYL4', 167, 0, null, null, null);
INSERT INTO poll_option_votes (id, poll_instance, poll_option, votes, top_profile_1, top_profile_2, top_profile_3) VALUES (424, 'GIaxzzUaYL4', 168, 0, null, null, null);
INSERT INTO poll_option_votes (id, poll_instance, poll_option, votes, top_profile_1, top_profile_2, top_profile_3) VALUES (425, 'GIaxzzUaYL4', 169, 0, null, null, null);
INSERT INTO poll_option_votes (id, poll_instance, poll_option, votes, top_profile_1, top_profile_2, top_profile_3) VALUES (426, 'GIaxzzUaYL4', 170, 0, null, null, null);
INSERT INTO poll_option_votes (id, poll_instance, poll_option, votes, top_profile_1, top_profile_2, top_profile_3) VALUES (427, 'GIaxzzUaYL4', 171, 0, null, null, null);
INSERT INTO poll_option_votes (id, poll_instance, poll_option, votes, top_profile_1, top_profile_2, top_profile_3) VALUES (428, 'GIaxzzUaYL4', 172, 0, null, null, null);
INSERT INTO poll_option_votes (id, poll_instance, poll_option, votes, top_profile_1, top_profile_2, top_profile_3) VALUES (429, '_OLVU-VufD0', 141, 0, null, null, null);
INSERT INTO poll_option_votes (id, poll_instance, poll_option, votes, top_profile_1, top_profile_2, top_profile_3) VALUES (430, '_OLVU-VufD0', 142, 0, null, null, null);
INSERT INTO poll_option_votes (id, poll_instance, poll_option, votes, top_profile_1, top_profile_2, top_profile_3) VALUES (431, '_OLVU-VufD0', 143, 0, null, null, null);
INSERT INTO poll_option_votes (id, poll_instance, poll_option, votes, top_profile_1, top_profile_2, top_profile_3) VALUES (432, '_OLVU-VufD0', 144, 0, null, null, null);
INSERT INTO poll_option_votes (id, poll_instance, poll_option, votes, top_profile_1, top_profile_2, top_profile_3) VALUES (433, '_OLVU-VufD0', 145, 0, null, null, null);
INSERT INTO poll_option_votes (id, poll_instance, poll_option, votes, top_profile_1, top_profile_2, top_profile_3) VALUES (434, '_OLVU-VufD0', 146, 0, null, null, null);
INSERT INTO poll_option_votes (id, poll_instance, poll_option, votes, top_profile_1, top_profile_2, top_profile_3) VALUES (435, '_OLVU-VufD0', 147, 0, null, null, null);
INSERT INTO poll_option_votes (id, poll_instance, poll_option, votes, top_profile_1, top_profile_2, top_profile_3) VALUES (436, '_OLVU-VufD0', 148, 0, null, null, null);
INSERT INTO poll_option_votes (id, poll_instance, poll_option, votes, top_profile_1, top_profile_2, top_profile_3) VALUES (437, '_OLVU-VufD0', 149, 0, null, null, null);
INSERT INTO poll_option_votes (id, poll_instance, poll_option, votes, top_profile_1, top_profile_2, top_profile_3) VALUES (438, '_OLVU-VufD0', 150, 0, null, null, null);
INSERT INTO poll_option_votes (id, poll_instance, poll_option, votes, top_profile_1, top_profile_2, top_profile_3) VALUES (439, '_OLVU-VufD0', 151, 0, null, null, null);
INSERT INTO poll_option_votes (id, poll_instance, poll_option, votes, top_profile_1, top_profile_2, top_profile_3) VALUES (440, '_OLVU-VufD0', 152, 0, null, null, null);
INSERT INTO poll_option_votes (id, poll_instance, poll_option, votes, top_profile_1, top_profile_2, top_profile_3) VALUES (442, 'DiuWHAxsLZY', 174, 0, null, null, null);
INSERT INTO poll_option_votes (id, poll_instance, poll_option, votes, top_profile_1, top_profile_2, top_profile_3) VALUES (444, 'DiuWHAxsLZY', 176, 0, null, null, null);
INSERT INTO poll_option_votes (id, poll_instance, poll_option, votes, top_profile_1, top_profile_2, top_profile_3) VALUES (445, 'DiuWHAxsLZY', 177, 0, null, null, null);
INSERT INTO poll_option_votes (id, poll_instance, poll_option, votes, top_profile_1, top_profile_2, top_profile_3) VALUES (446, 'DiuWHAxsLZY', 178, 0, null, null, null);
INSERT INTO poll_option_votes (id, poll_instance, poll_option, votes, top_profile_1, top_profile_2, top_profile_3) VALUES (447, 'DiuWHAxsLZY', 179, 0, null, null, null);
INSERT INTO poll_option_votes (id, poll_instance, poll_option, votes, top_profile_1, top_profile_2, top_profile_3) VALUES (449, 'DiuWHAxsLZY', 181, 0, null, null, null);
INSERT INTO poll_option_votes (id, poll_instance, poll_option, votes, top_profile_1, top_profile_2, top_profile_3) VALUES (450, 'DiuWHAxsLZY', 182, 0, null, null, null);
INSERT INTO poll_option_votes (id, poll_instance, poll_option, votes, top_profile_1, top_profile_2, top_profile_3) VALUES (451, 'DiuWHAxsLZY', 183, 0, null, null, null);
INSERT INTO poll_option_votes (id, poll_instance, poll_option, votes, top_profile_1, top_profile_2, top_profile_3) VALUES (453, 'DiuWHAxsLZY', 185, 0, null, null, null);
INSERT INTO poll_option_votes (id, poll_instance, poll_option, votes, top_profile_1, top_profile_2, top_profile_3) VALUES (454, 'DiuWHAxsLZY', 186, 0, null, null, null);
INSERT INTO poll_option_votes (id, poll_instance, poll_option, votes, top_profile_1, top_profile_2, top_profile_3) VALUES (455, 'DiuWHAxsLZY', 187, 0, null, null, null);
INSERT INTO poll_option_votes (id, poll_instance, poll_option, votes, top_profile_1, top_profile_2, top_profile_3) VALUES (457, 'DiuWHAxsLZY', 189, 0, null, null, null);
INSERT INTO poll_option_votes (id, poll_instance, poll_option, votes, top_profile_1, top_profile_2, top_profile_3) VALUES (458, 'DiuWHAxsLZY', 190, 0, null, null, null);
INSERT INTO poll_option_votes (id, poll_instance, poll_option, votes, top_profile_1, top_profile_2, top_profile_3) VALUES (461, 'xdOlnajPTI8', 193, 0, null, null, null);
INSERT INTO poll_option_votes (id, poll_instance, poll_option, votes, top_profile_1, top_profile_2, top_profile_3) VALUES (462, 'xdOlnajPTI8', 194, 0, null, null, null);
INSERT INTO poll_option_votes (id, poll_instance, poll_option, votes, top_profile_1, top_profile_2, top_profile_3) VALUES (463, 'xdOlnajPTI8', 195, 0, null, null, null);
INSERT INTO poll_option_votes (id, poll_instance, poll_option, votes, top_profile_1, top_profile_2, top_profile_3) VALUES (464, 'xdOlnajPTI8', 196, 0, null, null, null);
INSERT INTO poll_option_votes (id, poll_instance, poll_option, votes, top_profile_1, top_profile_2, top_profile_3) VALUES (465, 'mDiOlI33DnM', 197, 0, null, null, null);
INSERT INTO poll_option_votes (id, poll_instance, poll_option, votes, top_profile_1, top_profile_2, top_profile_3) VALUES (466, 'mDiOlI33DnM', 198, 0, null, null, null);
INSERT INTO poll_option_votes (id, poll_instance, poll_option, votes, top_profile_1, top_profile_2, top_profile_3) VALUES (443, 'DiuWHAxsLZY', 175, 2, null, null, null);
INSERT INTO poll_option_votes (id, poll_instance, poll_option, votes, top_profile_1, top_profile_2, top_profile_3) VALUES (456, 'DiuWHAxsLZY', 188, 1, null, null, null);
INSERT INTO poll_option_votes (id, poll_instance, poll_option, votes, top_profile_1, top_profile_2, top_profile_3) VALUES (467, 'ThK21daFcRU', 173, 0, null, null, null);
INSERT INTO poll_option_votes (id, poll_instance, poll_option, votes, top_profile_1, top_profile_2, top_profile_3) VALUES (468, 'ThK21daFcRU', 174, 0, null, null, null);
INSERT INTO poll_option_votes (id, poll_instance, poll_option, votes, top_profile_1, top_profile_2, top_profile_3) VALUES (469, 'ThK21daFcRU', 175, 0, null, null, null);
INSERT INTO poll_option_votes (id, poll_instance, poll_option, votes, top_profile_1, top_profile_2, top_profile_3) VALUES (470, 'ThK21daFcRU', 176, 0, null, null, null);
INSERT INTO poll_option_votes (id, poll_instance, poll_option, votes, top_profile_1, top_profile_2, top_profile_3) VALUES (471, 'ThK21daFcRU', 177, 0, null, null, null);
INSERT INTO poll_option_votes (id, poll_instance, poll_option, votes, top_profile_1, top_profile_2, top_profile_3) VALUES (472, 'ThK21daFcRU', 178, 0, null, null, null);
INSERT INTO poll_option_votes (id, poll_instance, poll_option, votes, top_profile_1, top_profile_2, top_profile_3) VALUES (473, 'ThK21daFcRU', 179, 0, null, null, null);
INSERT INTO poll_option_votes (id, poll_instance, poll_option, votes, top_profile_1, top_profile_2, top_profile_3) VALUES (474, 'ThK21daFcRU', 180, 0, null, null, null);
INSERT INTO poll_option_votes (id, poll_instance, poll_option, votes, top_profile_1, top_profile_2, top_profile_3) VALUES (475, 'ThK21daFcRU', 181, 0, null, null, null);
INSERT INTO poll_option_votes (id, poll_instance, poll_option, votes, top_profile_1, top_profile_2, top_profile_3) VALUES (476, 'ThK21daFcRU', 182, 0, null, null, null);
INSERT INTO poll_option_votes (id, poll_instance, poll_option, votes, top_profile_1, top_profile_2, top_profile_3) VALUES (477, 'ThK21daFcRU', 183, 0, null, null, null);
INSERT INTO poll_option_votes (id, poll_instance, poll_option, votes, top_profile_1, top_profile_2, top_profile_3) VALUES (478, 'ThK21daFcRU', 184, 0, null, null, null);
INSERT INTO poll_option_votes (id, poll_instance, poll_option, votes, top_profile_1, top_profile_2, top_profile_3) VALUES (479, 'ThK21daFcRU', 185, 0, null, null, null);
INSERT INTO poll_option_votes (id, poll_instance, poll_option, votes, top_profile_1, top_profile_2, top_profile_3) VALUES (480, 'ThK21daFcRU', 186, 0, null, null, null);
INSERT INTO poll_option_votes (id, poll_instance, poll_option, votes, top_profile_1, top_profile_2, top_profile_3) VALUES (481, 'ThK21daFcRU', 187, 0, null, null, null);
INSERT INTO poll_option_votes (id, poll_instance, poll_option, votes, top_profile_1, top_profile_2, top_profile_3) VALUES (482, 'ThK21daFcRU', 188, 0, null, null, null);
INSERT INTO poll_option_votes (id, poll_instance, poll_option, votes, top_profile_1, top_profile_2, top_profile_3) VALUES (483, 'ThK21daFcRU', 189, 0, null, null, null);
INSERT INTO poll_option_votes (id, poll_instance, poll_option, votes, top_profile_1, top_profile_2, top_profile_3) VALUES (484, 'ThK21daFcRU', 190, 0, null, null, null);
INSERT INTO poll_option_votes (id, poll_instance, poll_option, votes, top_profile_1, top_profile_2, top_profile_3) VALUES (485, 'ThK21daFcRU', 191, 0, null, null, null);
INSERT INTO poll_option_votes (id, poll_instance, poll_option, votes, top_profile_1, top_profile_2, top_profile_3) VALUES (486, 'ThK21daFcRU', 192, 0, null, null, null);
INSERT INTO poll_option_votes (id, poll_instance, poll_option, votes, top_profile_1, top_profile_2, top_profile_3) VALUES (441, 'DiuWHAxsLZY', 173, 1, null, null, null);
INSERT INTO poll_option_votes (id, poll_instance, poll_option, votes, top_profile_1, top_profile_2, top_profile_3) VALUES (452, 'DiuWHAxsLZY', 184, 1, null, null, null);
INSERT INTO poll_option_votes (id, poll_instance, poll_option, votes, top_profile_1, top_profile_2, top_profile_3) VALUES (398, 'OisVjiEbDTE', 142, 1, 'c4e2caf1-480a-4490-9e58-4a86219ab327', null, null);
INSERT INTO poll_option_votes (id, poll_instance, poll_option, votes, top_profile_1, top_profile_2, top_profile_3) VALUES (403, 'OisVjiEbDTE', 147, 1, 'c4e2caf1-480a-4490-9e58-4a86219ab327', null, null);
INSERT INTO poll_option_votes (id, poll_instance, poll_option, votes, top_profile_1, top_profile_2, top_profile_3) VALUES (487, 'TqEDAnt08kc', 173, 0, null, null, null);
INSERT INTO poll_option_votes (id, poll_instance, poll_option, votes, top_profile_1, top_profile_2, top_profile_3) VALUES (488, 'TqEDAnt08kc', 174, 0, null, null, null);
INSERT INTO poll_option_votes (id, poll_instance, poll_option, votes, top_profile_1, top_profile_2, top_profile_3) VALUES (489, 'TqEDAnt08kc', 175, 0, null, null, null);
INSERT INTO poll_option_votes (id, poll_instance, poll_option, votes, top_profile_1, top_profile_2, top_profile_3) VALUES (490, 'TqEDAnt08kc', 176, 0, null, null, null);
INSERT INTO poll_option_votes (id, poll_instance, poll_option, votes, top_profile_1, top_profile_2, top_profile_3) VALUES (491, 'TqEDAnt08kc', 177, 0, null, null, null);
INSERT INTO poll_option_votes (id, poll_instance, poll_option, votes, top_profile_1, top_profile_2, top_profile_3) VALUES (492, 'TqEDAnt08kc', 178, 0, null, null, null);
INSERT INTO poll_option_votes (id, poll_instance, poll_option, votes, top_profile_1, top_profile_2, top_profile_3) VALUES (493, 'TqEDAnt08kc', 179, 0, null, null, null);
INSERT INTO poll_option_votes (id, poll_instance, poll_option, votes, top_profile_1, top_profile_2, top_profile_3) VALUES (494, 'TqEDAnt08kc', 180, 0, null, null, null);
INSERT INTO poll_option_votes (id, poll_instance, poll_option, votes, top_profile_1, top_profile_2, top_profile_3) VALUES (495, 'TqEDAnt08kc', 181, 0, null, null, null);
INSERT INTO poll_option_votes (id, poll_instance, poll_option, votes, top_profile_1, top_profile_2, top_profile_3) VALUES (496, 'TqEDAnt08kc', 182, 0, null, null, null);
INSERT INTO poll_option_votes (id, poll_instance, poll_option, votes, top_profile_1, top_profile_2, top_profile_3) VALUES (497, 'TqEDAnt08kc', 183, 0, null, null, null);
INSERT INTO poll_option_votes (id, poll_instance, poll_option, votes, top_profile_1, top_profile_2, top_profile_3) VALUES (498, 'TqEDAnt08kc', 184, 0, null, null, null);
INSERT INTO poll_option_votes (id, poll_instance, poll_option, votes, top_profile_1, top_profile_2, top_profile_3) VALUES (499, 'TqEDAnt08kc', 185, 0, null, null, null);
INSERT INTO poll_option_votes (id, poll_instance, poll_option, votes, top_profile_1, top_profile_2, top_profile_3) VALUES (500, 'TqEDAnt08kc', 186, 0, null, null, null);
INSERT INTO poll_option_votes (id, poll_instance, poll_option, votes, top_profile_1, top_profile_2, top_profile_3) VALUES (501, 'TqEDAnt08kc', 187, 0, null, null, null);
INSERT INTO poll_option_votes (id, poll_instance, poll_option, votes, top_profile_1, top_profile_2, top_profile_3) VALUES (502, 'TqEDAnt08kc', 188, 0, null, null, null);
INSERT INTO poll_option_votes (id, poll_instance, poll_option, votes, top_profile_1, top_profile_2, top_profile_3) VALUES (503, 'TqEDAnt08kc', 189, 0, null, null, null);
INSERT INTO poll_option_votes (id, poll_instance, poll_option, votes, top_profile_1, top_profile_2, top_profile_3) VALUES (504, 'TqEDAnt08kc', 190, 0, null, null, null);
INSERT INTO poll_option_votes (id, poll_instance, poll_option, votes, top_profile_1, top_profile_2, top_profile_3) VALUES (505, 'TqEDAnt08kc', 191, 0, null, null, null);
INSERT INTO poll_option_votes (id, poll_instance, poll_option, votes, top_profile_1, top_profile_2, top_profile_3) VALUES (506, 'TqEDAnt08kc', 192, 0, null, null, null);
INSERT INTO poll_option_votes (id, poll_instance, poll_option, votes, top_profile_1, top_profile_2, top_profile_3) VALUES (459, 'DiuWHAxsLZY', 191, 2, null, null, null);
INSERT INTO poll_option_votes (id, poll_instance, poll_option, votes, top_profile_1, top_profile_2, top_profile_3) VALUES (460, 'DiuWHAxsLZY', 192, 2, null, null, null);
INSERT INTO poll_option_votes (id, poll_instance, poll_option, votes, top_profile_1, top_profile_2, top_profile_3) VALUES (448, 'DiuWHAxsLZY', 180, 1, null, null, null);
INSERT INTO poll_option_votes (id, poll_instance, poll_option, votes, top_profile_1, top_profile_2, top_profile_3) VALUES (406, 'OisVjiEbDTE', 150, 1, 'c4e2caf1-480a-4490-9e58-4a86219ab327', null, null);
